parnme,partrans,parchglim,parval1,parlbnd,parubnd,pargp,scale,offset,dercom
k_m,fixed,factor,1.0,0.1,10.0,k,1.0,0.0,1.0
sill_m,fixed,factor,4.0,0.5,6.0,sill_m,1.0,0.0,1.0
range_m,log,factor,0.2,0.1,2.0,range_m,1.0,0.0,1.0
af_m,log,factor,1.01,1.0,10.0,af_m,1.0,0.0,1.0
aa_m,none,relative,0.0,-1.571,1.571,aa_m,1.0,0.0,1.0
z1,none,relative,0.0,-3.0,3.0,z,1.0,0.0,1.0
z2,none,relative,0.0,-3.0,3.0,z,1.0,0.0,1.0
z3,none,relative,0.0,-3.0,3.0,z,1.0,0.0,1.0
z4,none,relative,0.0,-3.0,3.0,z,1.0,0.0,1.0
z5,none,relative,0.0,-3.0,3.0,z,1.0,0.0,1.0
z6,none,relative,0.0,-3.0,3.0,z,1.0,0.0,1.0
z7,none,relative,0.0,-3.0,3.0,z,1.0,0.0,1.0
z8,none,relative,0.0,-3.0,3.0,z,1.0,0.0,1.0
z9,none,relative,0.0,-3.0,3.0,z,1.0,0.0,1.0
z10,none,relative,0.0,-3.0,3.0,z,1.0,0.0,1.0
z11,none,relative,0.0,-3.0,3.0,z,1.0,0.0,1.0
z12,none,relative,0.0,-3.0,3.0,z,1.0,0.0,1.0
z13,none,relative,0.0,-3.0,3.0,z,1.0,0.0,1.0
z14,none,relative,0.0,-3.0,3.0,z,1.0,0.0,1.0
z15,none,relative,0.0,-3.0,3.0,z,1.0,0.0,1.0
z16,none,relative,0.0,-3.0,3.0,z,1.0,0.0,1.0
z17,none,relative,0.0,-3.0,3.0,z,1.0,0.0,1.0
z18,none,relative,0.0,-3.0,3.0,z,1.0,0.0,1.0
z19,none,relative,0.0,-3.0,3.0,z,1.0,0.0,1.0
z20,none,relative,0.0,-3.0,3.0,z,1.0,0.0,1.0
z21,none,relative,0.0,-3.0,3.0,z,1.0,0.0,1.0
z22,none,relative,0.0,-3.0,3.0,z,1.0,0.0,1.0
z23,none,relative,0.0,-3.0,3.0,z,1.0,0.0,1.0
z24,none,relative,0.0,-3.0,3.0,z,1.0,0.0,1.0
z25,none,relative,0.0,-3.0,3.0,z,1.0,0.0,1.0
z26,none,relative,0.0,-3.0,3.0,z,1.0,0.0,1.0
z27,none,relative,0.0,-3.0,3.0,z,1.0,0.0,1.0
z28,none,relative,0.0,-3.0,3.0,z,1.0,0.0,1.0
z29,none,relative,0.0,-3.0,3.0,z,1.0,0.0,1.0
z30,none,relative,0.0,-3.0,3.0,z,1.0,0.0,1.0
z31,none,relative,0.0,-3.0,3.0,z,1.0,0.0,1.0
z32,none,relative,0.0,-3.0,3.0,z,1.0,0.0,1.0
z33,none,relative,0.0,-3.0,3.0,z,1.0,0.0,1.0
z34,none,relative,0.0,-3.0,3.0,z,1.0,0.0,1.0
z35,none,relative,0.0,-3.0,3.0,z,1.0,0.0,1.0
z36,none,relative,0.0,-3.0,3.0,z,1.0,0.0,1.0
z37,none,relative,0.0,-3.0,3.0,z,1.0,0.0,1.0
z38,none,relative,0.0,-3.0,3.0,z,1.0,0.0,1.0
z39,none,relative,0.0,-3.0,3.0,z,1.0,0.0,1.0
z40,none,relative,0.0,-3.0,3.0,z,1.0,0.0,1.0
z41,none,relative,0.0,-3.0,3.0,z,1.0,0.0,1.0
z42,none,relative,0.0,-3.0,3.0,z,1.0,0.0,1.0
z43,none,relative,0.0,-3.0,3.0,z,1.0,0.0,1.0
z44,none,relative,0.0,-3.0,3.0,z,1.0,0.0,1.0
z45,none,relative,0.0,-3.0,3.0,z,1.0,0.0,1.0
z46,none,relative,0.0,-3.0,3.0,z,1.0,0.0,1.0
z47,none,relative,0.0,-3.0,3.0,z,1.0,0.0,1.0
z48,none,relative,0.0,-3.0,3.0,z,1.0,0.0,1.0
z49,none,relative,0.0,-3.0,3.0,z,1.0,0.0,1.0
z50,none,relative,0.0,-3.0,3.0,z,1.0,0.0,1.0
z51,none,relative,0.0,-3.0,3.0,z,1.0,0.0,1.0
z52,none,relative,0.0,-3.0,3.0,z,1.0,0.0,1.0
z53,none,relative,0.0,-3.0,3.0,z,1.0,0.0,1.0
z54,none,relative,0.0,-3.0,3.0,z,1.0,0.0,1.0
z55,none,relative,0.0,-3.0,3.0,z,1.0,0.0,1.0
z56,none,relative,0.0,-3.0,3.0,z,1.0,0.0,1.0
z57,none,relative,0.0,-3.0,3.0,z,1.0,0.0,1.0
z58,none,relative,0.0,-3.0,3.0,z,1.0,0.0,1.0
z59,none,relative,0.0,-3.0,3.0,z,1.0,0.0,1.0
z60,none,relative,0.0,-3.0,3.0,z,1.0,0.0,1.0
z61,none,relative,0.0,-3.0,3.0,z,1.0,0.0,1.0
z62,none,relative,0.0,-3.0,3.0,z,1.0,0.0,1.0
z63,none,relative,0.0,-3.0,3.0,z,1.0,0.0,1.0
z64,none,relative,0.0,-3.0,3.0,z,1.0,0.0,1.0
z65,none,relative,0.0,-3.0,3.0,z,1.0,0.0,1.0
z66,none,relative,0.0,-3.0,3.0,z,1.0,0.0,1.0
z67,none,relative,0.0,-3.0,3.0,z,1.0,0.0,1.0
z68,none,relative,0.0,-3.0,3.0,z,1.0,0.0,1.0
z69,none,relative,0.0,-3.0,3.0,z,1.0,0.0,1.0
z70,none,relative,0.0,-3.0,3.0,z,1.0,0.0,1.0
z71,none,relative,0.0,-3.0,3.0,z,1.0,0.0,1.0
z72,none,relative,0.0,-3.0,3.0,z,1.0,0.0,1.0
z73,none,relative,0.0,-3.0,3.0,z,1.0,0.0,1.0
z74,none,relative,0.0,-3.0,3.0,z,1.0,0.0,1.0
z75,none,relative,0.0,-3.0,3.0,z,1.0,0.0,1.0
z76,none,relative,0.0,-3.0,3.0,z,1.0,0.0,1.0
z77,none,relative,0.0,-3.0,3.0,z,1.0,0.0,1.0
z78,none,relative,0.0,-3.0,3.0,z,1.0,0.0,1.0
z79,none,relative,0.0,-3.0,3.0,z,1.0,0.0,1.0
z80,none,relative,0.0,-3.0,3.0,z,1.0,0.0,1.0
z81,none,relative,0.0,-3.0,3.0,z,1.0,0.0,1.0
z82,none,relative,0.0,-3.0,3.0,z,1.0,0.0,1.0
z83,none,relative,0.0,-3.0,3.0,z,1.0,0.0,1.0
z84,none,relative,0.0,-3.0,3.0,z,1.0,0.0,1.0
z85,none,relative,0.0,-3.0,3.0,z,1.0,0.0,1.0
z86,none,relative,0.0,-3.0,3.0,z,1.0,0.0,1.0
z87,none,relative,0.0,-3.0,3.0,z,1.0,0.0,1.0
z88,none,relative,0.0,-3.0,3.0,z,1.0,0.0,1.0
z89,none,relative,0.0,-3.0,3.0,z,1.0,0.0,1.0
z90,none,relative,0.0,-3.0,3.0,z,1.0,0.0,1.0
z91,none,relative,0.0,-3.0,3.0,z,1.0,0.0,1.0
z92,none,relative,0.0,-3.0,3.0,z,1.0,0.0,1.0
z93,none,relative,0.0,-3.0,3.0,z,1.0,0.0,1.0
z94,none,relative,0.0,-3.0,3.0,z,1.0,0.0,1.0
z95,none,relative,0.0,-3.0,3.0,z,1.0,0.0,1.0
z96,none,relative,0.0,-3.0,3.0,z,1.0,0.0,1.0
z97,none,relative,0.0,-3.0,3.0,z,1.0,0.0,1.0
z98,none,relative,0.0,-3.0,3.0,z,1.0,0.0,1.0
z99,none,relative,0.0,-3.0,3.0,z,1.0,0.0,1.0
z100,none,relative,0.0,-3.0,3.0,z,1.0,0.0,1.0
z101,none,relative,0.0,-3.0,3.0,z,1.0,0.0,1.0
z102,none,relative,0.0,-3.0,3.0,z,1.0,0.0,1.0
z103,none,relative,0.0,-3.0,3.0,z,1.0,0.0,1.0
z104,none,relative,0.0,-3.0,3.0,z,1.0,0.0,1.0
z105,none,relative,0.0,-3.0,3.0,z,1.0,0.0,1.0
z106,none,relative,0.0,-3.0,3.0,z,1.0,0.0,1.0
z107,none,relative,0.0,-3.0,3.0,z,1.0,0.0,1.0
z108,none,relative,0.0,-3.0,3.0,z,1.0,0.0,1.0
z109,none,relative,0.0,-3.0,3.0,z,1.0,0.0,1.0
z110,none,relative,0.0,-3.0,3.0,z,1.0,0.0,1.0
z111,none,relative,0.0,-3.0,3.0,z,1.0,0.0,1.0
z112,none,relative,0.0,-3.0,3.0,z,1.0,0.0,1.0
z113,none,relative,0.0,-3.0,3.0,z,1.0,0.0,1.0
z114,none,relative,0.0,-3.0,3.0,z,1.0,0.0,1.0
z115,none,relative,0.0,-3.0,3.0,z,1.0,0.0,1.0
z116,none,relative,0.0,-3.0,3.0,z,1.0,0.0,1.0
z117,none,relative,0.0,-3.0,3.0,z,1.0,0.0,1.0
z118,none,relative,0.0,-3.0,3.0,z,1.0,0.0,1.0
z119,none,relative,0.0,-3.0,3.0,z,1.0,0.0,1.0
z120,none,relative,0.0,-3.0,3.0,z,1.0,0.0,1.0
z121,none,relative,0.0,-3.0,3.0,z,1.0,0.0,1.0
z122,none,relative,0.0,-3.0,3.0,z,1.0,0.0,1.0
z123,none,relative,0.0,-3.0,3.0,z,1.0,0.0,1.0
z124,none,relative,0.0,-3.0,3.0,z,1.0,0.0,1.0
z125,none,relative,0.0,-3.0,3.0,z,1.0,0.0,1.0
z126,none,relative,0.0,-3.0,3.0,z,1.0,0.0,1.0
z127,none,relative,0.0,-3.0,3.0,z,1.0,0.0,1.0
z128,none,relative,0.0,-3.0,3.0,z,1.0,0.0,1.0
z129,none,relative,0.0,-3.0,3.0,z,1.0,0.0,1.0
z130,none,relative,0.0,-3.0,3.0,z,1.0,0.0,1.0
z131,none,relative,0.0,-3.0,3.0,z,1.0,0.0,1.0
z132,none,relative,0.0,-3.0,3.0,z,1.0,0.0,1.0
z133,none,relative,0.0,-3.0,3.0,z,1.0,0.0,1.0
z134,none,relative,0.0,-3.0,3.0,z,1.0,0.0,1.0
z135,none,relative,0.0,-3.0,3.0,z,1.0,0.0,1.0
z136,none,relative,0.0,-3.0,3.0,z,1.0,0.0,1.0
z137,none,relative,0.0,-3.0,3.0,z,1.0,0.0,1.0
z138,none,relative,0.0,-3.0,3.0,z,1.0,0.0,1.0
z139,none,relative,0.0,-3.0,3.0,z,1.0,0.0,1.0
z140,none,relative,0.0,-3.0,3.0,z,1.0,0.0,1.0
z141,none,relative,0.0,-3.0,3.0,z,1.0,0.0,1.0
z142,none,relative,0.0,-3.0,3.0,z,1.0,0.0,1.0
z143,none,relative,0.0,-3.0,3.0,z,1.0,0.0,1.0
z144,none,relative,0.0,-3.0,3.0,z,1.0,0.0,1.0
z145,none,relative,0.0,-3.0,3.0,z,1.0,0.0,1.0
z146,none,relative,0.0,-3.0,3.0,z,1.0,0.0,1.0
z147,none,relative,0.0,-3.0,3.0,z,1.0,0.0,1.0
z148,none,relative,0.0,-3.0,3.0,z,1.0,0.0,1.0
z149,none,relative,0.0,-3.0,3.0,z,1.0,0.0,1.0
z150,none,relative,0.0,-3.0,3.0,z,1.0,0.0,1.0
z151,none,relative,0.0,-3.0,3.0,z,1.0,0.0,1.0
z152,none,relative,0.0,-3.0,3.0,z,1.0,0.0,1.0
z153,none,relative,0.0,-3.0,3.0,z,1.0,0.0,1.0
z154,none,relative,0.0,-3.0,3.0,z,1.0,0.0,1.0
z155,none,relative,0.0,-3.0,3.0,z,1.0,0.0,1.0
z156,none,relative,0.0,-3.0,3.0,z,1.0,0.0,1.0
z157,none,relative,0.0,-3.0,3.0,z,1.0,0.0,1.0
z158,none,relative,0.0,-3.0,3.0,z,1.0,0.0,1.0
z159,none,relative,0.0,-3.0,3.0,z,1.0,0.0,1.0
z160,none,relative,0.0,-3.0,3.0,z,1.0,0.0,1.0
z161,none,relative,0.0,-3.0,3.0,z,1.0,0.0,1.0
z162,none,relative,0.0,-3.0,3.0,z,1.0,0.0,1.0
z163,none,relative,0.0,-3.0,3.0,z,1.0,0.0,1.0
z164,none,relative,0.0,-3.0,3.0,z,1.0,0.0,1.0
z165,none,relative,0.0,-3.0,3.0,z,1.0,0.0,1.0
z166,none,relative,0.0,-3.0,3.0,z,1.0,0.0,1.0
z167,none,relative,0.0,-3.0,3.0,z,1.0,0.0,1.0
z168,none,relative,0.0,-3.0,3.0,z,1.0,0.0,1.0
z169,none,relative,0.0,-3.0,3.0,z,1.0,0.0,1.0
z170,none,relative,0.0,-3.0,3.0,z,1.0,0.0,1.0
z171,none,relative,0.0,-3.0,3.0,z,1.0,0.0,1.0
z172,none,relative,0.0,-3.0,3.0,z,1.0,0.0,1.0
z173,none,relative,0.0,-3.0,3.0,z,1.0,0.0,1.0
z174,none,relative,0.0,-3.0,3.0,z,1.0,0.0,1.0
z175,none,relative,0.0,-3.0,3.0,z,1.0,0.0,1.0
z176,none,relative,0.0,-3.0,3.0,z,1.0,0.0,1.0
z177,none,relative,0.0,-3.0,3.0,z,1.0,0.0,1.0
z178,none,relative,0.0,-3.0,3.0,z,1.0,0.0,1.0
z179,none,relative,0.0,-3.0,3.0,z,1.0,0.0,1.0
z180,none,relative,0.0,-3.0,3.0,z,1.0,0.0,1.0
z181,none,relative,0.0,-3.0,3.0,z,1.0,0.0,1.0
z182,none,relative,0.0,-3.0,3.0,z,1.0,0.0,1.0
z183,none,relative,0.0,-3.0,3.0,z,1.0,0.0,1.0
z184,none,relative,0.0,-3.0,3.0,z,1.0,0.0,1.0
z185,none,relative,0.0,-3.0,3.0,z,1.0,0.0,1.0
z186,none,relative,0.0,-3.0,3.0,z,1.0,0.0,1.0
z187,none,relative,0.0,-3.0,3.0,z,1.0,0.0,1.0
z188,none,relative,0.0,-3.0,3.0,z,1.0,0.0,1.0
z189,none,relative,0.0,-3.0,3.0,z,1.0,0.0,1.0
z190,none,relative,0.0,-3.0,3.0,z,1.0,0.0,1.0
z191,none,relative,0.0,-3.0,3.0,z,1.0,0.0,1.0
z192,none,relative,0.0,-3.0,3.0,z,1.0,0.0,1.0
z193,none,relative,0.0,-3.0,3.0,z,1.0,0.0,1.0
z194,none,relative,0.0,-3.0,3.0,z,1.0,0.0,1.0
z195,none,relative,0.0,-3.0,3.0,z,1.0,0.0,1.0
z196,none,relative,0.0,-3.0,3.0,z,1.0,0.0,1.0
z197,none,relative,0.0,-3.0,3.0,z,1.0,0.0,1.0
z198,none,relative,0.0,-3.0,3.0,z,1.0,0.0,1.0
z199,none,relative,0.0,-3.0,3.0,z,1.0,0.0,1.0
z200,none,relative,0.0,-3.0,3.0,z,1.0,0.0,1.0
z201,none,relative,0.0,-3.0,3.0,z,1.0,0.0,1.0
z202,none,relative,0.0,-3.0,3.0,z,1.0,0.0,1.0
z203,none,relative,0.0,-3.0,3.0,z,1.0,0.0,1.0
z204,none,relative,0.0,-3.0,3.0,z,1.0,0.0,1.0
z205,none,relative,0.0,-3.0,3.0,z,1.0,0.0,1.0
z206,none,relative,0.0,-3.0,3.0,z,1.0,0.0,1.0
z207,none,relative,0.0,-3.0,3.0,z,1.0,0.0,1.0
z208,none,relative,0.0,-3.0,3.0,z,1.0,0.0,1.0
z209,none,relative,0.0,-3.0,3.0,z,1.0,0.0,1.0
z210,none,relative,0.0,-3.0,3.0,z,1.0,0.0,1.0
z211,none,relative,0.0,-3.0,3.0,z,1.0,0.0,1.0
z212,none,relative,0.0,-3.0,3.0,z,1.0,0.0,1.0
z213,none,relative,0.0,-3.0,3.0,z,1.0,0.0,1.0
z214,none,relative,0.0,-3.0,3.0,z,1.0,0.0,1.0
z215,none,relative,0.0,-3.0,3.0,z,1.0,0.0,1.0
z216,none,relative,0.0,-3.0,3.0,z,1.0,0.0,1.0
z217,none,relative,0.0,-3.0,3.0,z,1.0,0.0,1.0
z218,none,relative,0.0,-3.0,3.0,z,1.0,0.0,1.0
z219,none,relative,0.0,-3.0,3.0,z,1.0,0.0,1.0
z220,none,relative,0.0,-3.0,3.0,z,1.0,0.0,1.0
z221,none,relative,0.0,-3.0,3.0,z,1.0,0.0,1.0
z222,none,relative,0.0,-3.0,3.0,z,1.0,0.0,1.0
z223,none,relative,0.0,-3.0,3.0,z,1.0,0.0,1.0
z224,none,relative,0.0,-3.0,3.0,z,1.0,0.0,1.0
z225,none,relative,0.0,-3.0,3.0,z,1.0,0.0,1.0
z226,none,relative,0.0,-3.0,3.0,z,1.0,0.0,1.0
z227,none,relative,0.0,-3.0,3.0,z,1.0,0.0,1.0
z228,none,relative,0.0,-3.0,3.0,z,1.0,0.0,1.0
z229,none,relative,0.0,-3.0,3.0,z,1.0,0.0,1.0
z230,none,relative,0.0,-3.0,3.0,z,1.0,0.0,1.0
z231,none,relative,0.0,-3.0,3.0,z,1.0,0.0,1.0
z232,none,relative,0.0,-3.0,3.0,z,1.0,0.0,1.0
z233,none,relative,0.0,-3.0,3.0,z,1.0,0.0,1.0
z234,none,relative,0.0,-3.0,3.0,z,1.0,0.0,1.0
z235,none,relative,0.0,-3.0,3.0,z,1.0,0.0,1.0
z236,none,relative,0.0,-3.0,3.0,z,1.0,0.0,1.0
z237,none,relative,0.0,-3.0,3.0,z,1.0,0.0,1.0
z238,none,relative,0.0,-3.0,3.0,z,1.0,0.0,1.0
z239,none,relative,0.0,-3.0,3.0,z,1.0,0.0,1.0
z240,none,relative,0.0,-3.0,3.0,z,1.0,0.0,1.0
z241,none,relative,0.0,-3.0,3.0,z,1.0,0.0,1.0
z242,none,relative,0.0,-3.0,3.0,z,1.0,0.0,1.0
z243,none,relative,0.0,-3.0,3.0,z,1.0,0.0,1.0
z244,none,relative,0.0,-3.0,3.0,z,1.0,0.0,1.0
z245,none,relative,0.0,-3.0,3.0,z,1.0,0.0,1.0
z246,none,relative,0.0,-3.0,3.0,z,1.0,0.0,1.0
z247,none,relative,0.0,-3.0,3.0,z,1.0,0.0,1.0
z248,none,relative,0.0,-3.0,3.0,z,1.0,0.0,1.0
z249,none,relative,0.0,-3.0,3.0,z,1.0,0.0,1.0
z250,none,relative,0.0,-3.0,3.0,z,1.0,0.0,1.0
z251,none,relative,0.0,-3.0,3.0,z,1.0,0.0,1.0
z252,none,relative,0.0,-3.0,3.0,z,1.0,0.0,1.0
z253,none,relative,0.0,-3.0,3.0,z,1.0,0.0,1.0
z254,none,relative,0.0,-3.0,3.0,z,1.0,0.0,1.0
z255,none,relative,0.0,-3.0,3.0,z,1.0,0.0,1.0
z256,none,relative,0.0,-3.0,3.0,z,1.0,0.0,1.0
z257,none,relative,0.0,-3.0,3.0,z,1.0,0.0,1.0
z258,none,relative,0.0,-3.0,3.0,z,1.0,0.0,1.0
z259,none,relative,0.0,-3.0,3.0,z,1.0,0.0,1.0
z260,none,relative,0.0,-3.0,3.0,z,1.0,0.0,1.0
z261,none,relative,0.0,-3.0,3.0,z,1.0,0.0,1.0
z262,none,relative,0.0,-3.0,3.0,z,1.0,0.0,1.0
z263,none,relative,0.0,-3.0,3.0,z,1.0,0.0,1.0
z264,none,relative,0.0,-3.0,3.0,z,1.0,0.0,1.0
z265,none,relative,0.0,-3.0,3.0,z,1.0,0.0,1.0
z266,none,relative,0.0,-3.0,3.0,z,1.0,0.0,1.0
z267,none,relative,0.0,-3.0,3.0,z,1.0,0.0,1.0
z268,none,relative,0.0,-3.0,3.0,z,1.0,0.0,1.0
z269,none,relative,0.0,-3.0,3.0,z,1.0,0.0,1.0
z270,none,relative,0.0,-3.0,3.0,z,1.0,0.0,1.0
z271,none,relative,0.0,-3.0,3.0,z,1.0,0.0,1.0
z272,none,relative,0.0,-3.0,3.0,z,1.0,0.0,1.0
z273,none,relative,0.0,-3.0,3.0,z,1.0,0.0,1.0
z274,none,relative,0.0,-3.0,3.0,z,1.0,0.0,1.0
z275,none,relative,0.0,-3.0,3.0,z,1.0,0.0,1.0
z276,none,relative,0.0,-3.0,3.0,z,1.0,0.0,1.0
z277,none,relative,0.0,-3.0,3.0,z,1.0,0.0,1.0
z278,none,relative,0.0,-3.0,3.0,z,1.0,0.0,1.0
z279,none,relative,0.0,-3.0,3.0,z,1.0,0.0,1.0
z280,none,relative,0.0,-3.0,3.0,z,1.0,0.0,1.0
z281,none,relative,0.0,-3.0,3.0,z,1.0,0.0,1.0
z282,none,relative,0.0,-3.0,3.0,z,1.0,0.0,1.0
z283,none,relative,0.0,-3.0,3.0,z,1.0,0.0,1.0
z284,none,relative,0.0,-3.0,3.0,z,1.0,0.0,1.0
z285,none,relative,0.0,-3.0,3.0,z,1.0,0.0,1.0
z286,none,relative,0.0,-3.0,3.0,z,1.0,0.0,1.0
z287,none,relative,0.0,-3.0,3.0,z,1.0,0.0,1.0
z288,none,relative,0.0,-3.0,3.0,z,1.0,0.0,1.0
z289,none,relative,0.0,-3.0,3.0,z,1.0,0.0,1.0
z290,none,relative,0.0,-3.0,3.0,z,1.0,0.0,1.0
z291,none,relative,0.0,-3.0,3.0,z,1.0,0.0,1.0
z292,none,relative,0.0,-3.0,3.0,z,1.0,0.0,1.0
z293,none,relative,0.0,-3.0,3.0,z,1.0,0.0,1.0
z294,none,relative,0.0,-3.0,3.0,z,1.0,0.0,1.0
z295,none,relative,0.0,-3.0,3.0,z,1.0,0.0,1.0
z296,none,relative,0.0,-3.0,3.0,z,1.0,0.0,1.0
z297,none,relative,0.0,-3.0,3.0,z,1.0,0.0,1.0
z298,none,relative,0.0,-3.0,3.0,z,1.0,0.0,1.0
z299,none,relative,0.0,-3.0,3.0,z,1.0,0.0,1.0
z300,none,relative,0.0,-3.0,3.0,z,1.0,0.0,1.0
z301,none,relative,0.0,-3.0,3.0,z,1.0,0.0,1.0
z302,none,relative,0.0,-3.0,3.0,z,1.0,0.0,1.0
z303,none,relative,0.0,-3.0,3.0,z,1.0,0.0,1.0
z304,none,relative,0.0,-3.0,3.0,z,1.0,0.0,1.0
z305,none,relative,0.0,-3.0,3.0,z,1.0,0.0,1.0
z306,none,relative,0.0,-3.0,3.0,z,1.0,0.0,1.0
z307,none,relative,0.0,-3.0,3.0,z,1.0,0.0,1.0
z308,none,relative,0.0,-3.0,3.0,z,1.0,0.0,1.0
z309,none,relative,0.0,-3.0,3.0,z,1.0,0.0,1.0
z310,none,relative,0.0,-3.0,3.0,z,1.0,0.0,1.0
z311,none,relative,0.0,-3.0,3.0,z,1.0,0.0,1.0
z312,none,relative,0.0,-3.0,3.0,z,1.0,0.0,1.0
z313,none,relative,0.0,-3.0,3.0,z,1.0,0.0,1.0
z314,none,relative,0.0,-3.0,3.0,z,1.0,0.0,1.0
z315,none,relative,0.0,-3.0,3.0,z,1.0,0.0,1.0
z316,none,relative,0.0,-3.0,3.0,z,1.0,0.0,1.0
z317,none,relative,0.0,-3.0,3.0,z,1.0,0.0,1.0
z318,none,relative,0.0,-3.0,3.0,z,1.0,0.0,1.0
z319,none,relative,0.0,-3.0,3.0,z,1.0,0.0,1.0
z320,none,relative,0.0,-3.0,3.0,z,1.0,0.0,1.0
z321,none,relative,0.0,-3.0,3.0,z,1.0,0.0,1.0
z322,none,relative,0.0,-3.0,3.0,z,1.0,0.0,1.0
z323,none,relative,0.0,-3.0,3.0,z,1.0,0.0,1.0
z324,none,relative,0.0,-3.0,3.0,z,1.0,0.0,1.0
z325,none,relative,0.0,-3.0,3.0,z,1.0,0.0,1.0
z326,none,relative,0.0,-3.0,3.0,z,1.0,0.0,1.0
z327,none,relative,0.0,-3.0,3.0,z,1.0,0.0,1.0
z328,none,relative,0.0,-3.0,3.0,z,1.0,0.0,1.0
z329,none,relative,0.0,-3.0,3.0,z,1.0,0.0,1.0
z330,none,relative,0.0,-3.0,3.0,z,1.0,0.0,1.0
z331,none,relative,0.0,-3.0,3.0,z,1.0,0.0,1.0
z332,none,relative,0.0,-3.0,3.0,z,1.0,0.0,1.0
z333,none,relative,0.0,-3.0,3.0,z,1.0,0.0,1.0
z334,none,relative,0.0,-3.0,3.0,z,1.0,0.0,1.0
z335,none,relative,0.0,-3.0,3.0,z,1.0,0.0,1.0
z336,none,relative,0.0,-3.0,3.0,z,1.0,0.0,1.0
z337,none,relative,0.0,-3.0,3.0,z,1.0,0.0,1.0
z338,none,relative,0.0,-3.0,3.0,z,1.0,0.0,1.0
z339,none,relative,0.0,-3.0,3.0,z,1.0,0.0,1.0
z340,none,relative,0.0,-3.0,3.0,z,1.0,0.0,1.0
z341,none,relative,0.0,-3.0,3.0,z,1.0,0.0,1.0
z342,none,relative,0.0,-3.0,3.0,z,1.0,0.0,1.0
z343,none,relative,0.0,-3.0,3.0,z,1.0,0.0,1.0
z344,none,relative,0.0,-3.0,3.0,z,1.0,0.0,1.0
z345,none,relative,0.0,-3.0,3.0,z,1.0,0.0,1.0
z346,none,relative,0.0,-3.0,3.0,z,1.0,0.0,1.0
z347,none,relative,0.0,-3.0,3.0,z,1.0,0.0,1.0
z348,none,relative,0.0,-3.0,3.0,z,1.0,0.0,1.0
z349,none,relative,0.0,-3.0,3.0,z,1.0,0.0,1.0
z350,none,relative,0.0,-3.0,3.0,z,1.0,0.0,1.0
z351,none,relative,0.0,-3.0,3.0,z,1.0,0.0,1.0
z352,none,relative,0.0,-3.0,3.0,z,1.0,0.0,1.0
z353,none,relative,0.0,-3.0,3.0,z,1.0,0.0,1.0
z354,none,relative,0.0,-3.0,3.0,z,1.0,0.0,1.0
z355,none,relative,0.0,-3.0,3.0,z,1.0,0.0,1.0
z356,none,relative,0.0,-3.0,3.0,z,1.0,0.0,1.0
z357,none,relative,0.0,-3.0,3.0,z,1.0,0.0,1.0
z358,none,relative,0.0,-3.0,3.0,z,1.0,0.0,1.0
z359,none,relative,0.0,-3.0,3.0,z,1.0,0.0,1.0
z360,none,relative,0.0,-3.0,3.0,z,1.0,0.0,1.0
z361,none,relative,0.0,-3.0,3.0,z,1.0,0.0,1.0
z362,none,relative,0.0,-3.0,3.0,z,1.0,0.0,1.0
z363,none,relative,0.0,-3.0,3.0,z,1.0,0.0,1.0
z364,none,relative,0.0,-3.0,3.0,z,1.0,0.0,1.0
z365,none,relative,0.0,-3.0,3.0,z,1.0,0.0,1.0
z366,none,relative,0.0,-3.0,3.0,z,1.0,0.0,1.0
z367,none,relative,0.0,-3.0,3.0,z,1.0,0.0,1.0
z368,none,relative,0.0,-3.0,3.0,z,1.0,0.0,1.0
z369,none,relative,0.0,-3.0,3.0,z,1.0,0.0,1.0
z370,none,relative,0.0,-3.0,3.0,z,1.0,0.0,1.0
z371,none,relative,0.0,-3.0,3.0,z,1.0,0.0,1.0
z372,none,relative,0.0,-3.0,3.0,z,1.0,0.0,1.0
z373,none,relative,0.0,-3.0,3.0,z,1.0,0.0,1.0
z374,none,relative,0.0,-3.0,3.0,z,1.0,0.0,1.0
z375,none,relative,0.0,-3.0,3.0,z,1.0,0.0,1.0
z376,none,relative,0.0,-3.0,3.0,z,1.0,0.0,1.0
z377,none,relative,0.0,-3.0,3.0,z,1.0,0.0,1.0
z378,none,relative,0.0,-3.0,3.0,z,1.0,0.0,1.0
z379,none,relative,0.0,-3.0,3.0,z,1.0,0.0,1.0
z380,none,relative,0.0,-3.0,3.0,z,1.0,0.0,1.0
z381,none,relative,0.0,-3.0,3.0,z,1.0,0.0,1.0
z382,none,relative,0.0,-3.0,3.0,z,1.0,0.0,1.0
z383,none,relative,0.0,-3.0,3.0,z,1.0,0.0,1.0
z384,none,relative,0.0,-3.0,3.0,z,1.0,0.0,1.0
z385,none,relative,0.0,-3.0,3.0,z,1.0,0.0,1.0
z386,none,relative,0.0,-3.0,3.0,z,1.0,0.0,1.0
z387,none,relative,0.0,-3.0,3.0,z,1.0,0.0,1.0
z388,none,relative,0.0,-3.0,3.0,z,1.0,0.0,1.0
z389,none,relative,0.0,-3.0,3.0,z,1.0,0.0,1.0
z390,none,relative,0.0,-3.0,3.0,z,1.0,0.0,1.0
z391,none,relative,0.0,-3.0,3.0,z,1.0,0.0,1.0
z392,none,relative,0.0,-3.0,3.0,z,1.0,0.0,1.0
z393,none,relative,0.0,-3.0,3.0,z,1.0,0.0,1.0
z394,none,relative,0.0,-3.0,3.0,z,1.0,0.0,1.0
z395,none,relative,0.0,-3.0,3.0,z,1.0,0.0,1.0
z396,none,relative,0.0,-3.0,3.0,z,1.0,0.0,1.0
z397,none,relative,0.0,-3.0,3.0,z,1.0,0.0,1.0
z398,none,relative,0.0,-3.0,3.0,z,1.0,0.0,1.0
z399,none,relative,0.0,-3.0,3.0,z,1.0,0.0,1.0
z400,none,relative,0.0,-3.0,3.0,z,1.0,0.0,1.0
z401,none,relative,0.0,-3.0,3.0,z,1.0,0.0,1.0
z402,none,relative,0.0,-3.0,3.0,z,1.0,0.0,1.0
z403,none,relative,0.0,-3.0,3.0,z,1.0,0.0,1.0
z404,none,relative,0.0,-3.0,3.0,z,1.0,0.0,1.0
z405,none,relative,0.0,-3.0,3.0,z,1.0,0.0,1.0
z406,none,relative,0.0,-3.0,3.0,z,1.0,0.0,1.0
z407,none,relative,0.0,-3.0,3.0,z,1.0,0.0,1.0
z408,none,relative,0.0,-3.0,3.0,z,1.0,0.0,1.0
z409,none,relative,0.0,-3.0,3.0,z,1.0,0.0,1.0
z410,none,relative,0.0,-3.0,3.0,z,1.0,0.0,1.0
z411,none,relative,0.0,-3.0,3.0,z,1.0,0.0,1.0
z412,none,relative,0.0,-3.0,3.0,z,1.0,0.0,1.0
z413,none,relative,0.0,-3.0,3.0,z,1.0,0.0,1.0
z414,none,relative,0.0,-3.0,3.0,z,1.0,0.0,1.0
z415,none,relative,0.0,-3.0,3.0,z,1.0,0.0,1.0
z416,none,relative,0.0,-3.0,3.0,z,1.0,0.0,1.0
z417,none,relative,0.0,-3.0,3.0,z,1.0,0.0,1.0
z418,none,relative,0.0,-3.0,3.0,z,1.0,0.0,1.0
z419,none,relative,0.0,-3.0,3.0,z,1.0,0.0,1.0
z420,none,relative,0.0,-3.0,3.0,z,1.0,0.0,1.0
z421,none,relative,0.0,-3.0,3.0,z,1.0,0.0,1.0
z422,none,relative,0.0,-3.0,3.0,z,1.0,0.0,1.0
z423,none,relative,0.0,-3.0,3.0,z,1.0,0.0,1.0
z424,none,relative,0.0,-3.0,3.0,z,1.0,0.0,1.0
z425,none,relative,0.0,-3.0,3.0,z,1.0,0.0,1.0
z426,none,relative,0.0,-3.0,3.0,z,1.0,0.0,1.0
z427,none,relative,0.0,-3.0,3.0,z,1.0,0.0,1.0
z428,none,relative,0.0,-3.0,3.0,z,1.0,0.0,1.0
z429,none,relative,0.0,-3.0,3.0,z,1.0,0.0,1.0
z430,none,relative,0.0,-3.0,3.0,z,1.0,0.0,1.0
z431,none,relative,0.0,-3.0,3.0,z,1.0,0.0,1.0
z432,none,relative,0.0,-3.0,3.0,z,1.0,0.0,1.0
z433,none,relative,0.0,-3.0,3.0,z,1.0,0.0,1.0
z434,none,relative,0.0,-3.0,3.0,z,1.0,0.0,1.0
z435,none,relative,0.0,-3.0,3.0,z,1.0,0.0,1.0
z436,none,relative,0.0,-3.0,3.0,z,1.0,0.0,1.0
z437,none,relative,0.0,-3.0,3.0,z,1.0,0.0,1.0
z438,none,relative,0.0,-3.0,3.0,z,1.0,0.0,1.0
z439,none,relative,0.0,-3.0,3.0,z,1.0,0.0,1.0
z440,none,relative,0.0,-3.0,3.0,z,1.0,0.0,1.0
z441,none,relative,0.0,-3.0,3.0,z,1.0,0.0,1.0
z442,none,relative,0.0,-3.0,3.0,z,1.0,0.0,1.0
z443,none,relative,0.0,-3.0,3.0,z,1.0,0.0,1.0
z444,none,relative,0.0,-3.0,3.0,z,1.0,0.0,1.0
z445,none,relative,0.0,-3.0,3.0,z,1.0,0.0,1.0
z446,none,relative,0.0,-3.0,3.0,z,1.0,0.0,1.0
z447,none,relative,0.0,-3.0,3.0,z,1.0,0.0,1.0
z448,none,relative,0.0,-3.0,3.0,z,1.0,0.0,1.0
z449,none,relative,0.0,-3.0,3.0,z,1.0,0.0,1.0
z450,none,relative,0.0,-3.0,3.0,z,1.0,0.0,1.0
z451,none,relative,0.0,-3.0,3.0,z,1.0,0.0,1.0
z452,none,relative,0.0,-3.0,3.0,z,1.0,0.0,1.0
z453,none,relative,0.0,-3.0,3.0,z,1.0,0.0,1.0
z454,none,relative,0.0,-3.0,3.0,z,1.0,0.0,1.0
z455,none,relative,0.0,-3.0,3.0,z,1.0,0.0,1.0
z456,none,relative,0.0,-3.0,3.0,z,1.0,0.0,1.0
z457,none,relative,0.0,-3.0,3.0,z,1.0,0.0,1.0
z458,none,relative,0.0,-3.0,3.0,z,1.0,0.0,1.0
z459,none,relative,0.0,-3.0,3.0,z,1.0,0.0,1.0
z460,none,relative,0.0,-3.0,3.0,z,1.0,0.0,1.0
z461,none,relative,0.0,-3.0,3.0,z,1.0,0.0,1.0
z462,none,relative,0.0,-3.0,3.0,z,1.0,0.0,1.0
z463,none,relative,0.0,-3.0,3.0,z,1.0,0.0,1.0
z464,none,relative,0.0,-3.0,3.0,z,1.0,0.0,1.0
z465,none,relative,0.0,-3.0,3.0,z,1.0,0.0,1.0
z466,none,relative,0.0,-3.0,3.0,z,1.0,0.0,1.0
z467,none,relative,0.0,-3.0,3.0,z,1.0,0.0,1.0
z468,none,relative,0.0,-3.0,3.0,z,1.0,0.0,1.0
z469,none,relative,0.0,-3.0,3.0,z,1.0,0.0,1.0
z470,none,relative,0.0,-3.0,3.0,z,1.0,0.0,1.0
z471,none,relative,0.0,-3.0,3.0,z,1.0,0.0,1.0
z472,none,relative,0.0,-3.0,3.0,z,1.0,0.0,1.0
z473,none,relative,0.0,-3.0,3.0,z,1.0,0.0,1.0
z474,none,relative,0.0,-3.0,3.0,z,1.0,0.0,1.0
z475,none,relative,0.0,-3.0,3.0,z,1.0,0.0,1.0
z476,none,relative,0.0,-3.0,3.0,z,1.0,0.0,1.0
z477,none,relative,0.0,-3.0,3.0,z,1.0,0.0,1.0
z478,none,relative,0.0,-3.0,3.0,z,1.0,0.0,1.0
z479,none,relative,0.0,-3.0,3.0,z,1.0,0.0,1.0
z480,none,relative,0.0,-3.0,3.0,z,1.0,0.0,1.0
z481,none,relative,0.0,-3.0,3.0,z,1.0,0.0,1.0
z482,none,relative,0.0,-3.0,3.0,z,1.0,0.0,1.0
z483,none,relative,0.0,-3.0,3.0,z,1.0,0.0,1.0
z484,none,relative,0.0,-3.0,3.0,z,1.0,0.0,1.0
z485,none,relative,0.0,-3.0,3.0,z,1.0,0.0,1.0
z486,none,relative,0.0,-3.0,3.0,z,1.0,0.0,1.0
z487,none,relative,0.0,-3.0,3.0,z,1.0,0.0,1.0
z488,none,relative,0.0,-3.0,3.0,z,1.0,0.0,1.0
z489,none,relative,0.0,-3.0,3.0,z,1.0,0.0,1.0
z490,none,relative,0.0,-3.0,3.0,z,1.0,0.0,1.0
z491,none,relative,0.0,-3.0,3.0,z,1.0,0.0,1.0
z492,none,relative,0.0,-3.0,3.0,z,1.0,0.0,1.0
z493,none,relative,0.0,-3.0,3.0,z,1.0,0.0,1.0
z494,none,relative,0.0,-3.0,3.0,z,1.0,0.0,1.0
z495,none,relative,0.0,-3.0,3.0,z,1.0,0.0,1.0
z496,none,relative,0.0,-3.0,3.0,z,1.0,0.0,1.0
z497,none,relative,0.0,-3.0,3.0,z,1.0,0.0,1.0
z498,none,relative,0.0,-3.0,3.0,z,1.0,0.0,1.0
z499,none,relative,0.0,-3.0,3.0,z,1.0,0.0,1.0
z500,none,relative,0.0,-3.0,3.0,z,1.0,0.0,1.0
z501,none,relative,0.0,-3.0,3.0,z,1.0,0.0,1.0
z502,none,relative,0.0,-3.0,3.0,z,1.0,0.0,1.0
z503,none,relative,0.0,-3.0,3.0,z,1.0,0.0,1.0
z504,none,relative,0.0,-3.0,3.0,z,1.0,0.0,1.0
z505,none,relative,0.0,-3.0,3.0,z,1.0,0.0,1.0
z506,none,relative,0.0,-3.0,3.0,z,1.0,0.0,1.0
z507,none,relative,0.0,-3.0,3.0,z,1.0,0.0,1.0
z508,none,relative,0.0,-3.0,3.0,z,1.0,0.0,1.0
z509,none,relative,0.0,-3.0,3.0,z,1.0,0.0,1.0
z510,none,relative,0.0,-3.0,3.0,z,1.0,0.0,1.0
z511,none,relative,0.0,-3.0,3.0,z,1.0,0.0,1.0
z512,none,relative,0.0,-3.0,3.0,z,1.0,0.0,1.0
z513,none,relative,0.0,-3.0,3.0,z,1.0,0.0,1.0
z514,none,relative,0.0,-3.0,3.0,z,1.0,0.0,1.0
z515,none,relative,0.0,-3.0,3.0,z,1.0,0.0,1.0
z516,none,relative,0.0,-3.0,3.0,z,1.0,0.0,1.0
z517,none,relative,0.0,-3.0,3.0,z,1.0,0.0,1.0
z518,none,relative,0.0,-3.0,3.0,z,1.0,0.0,1.0
z519,none,relative,0.0,-3.0,3.0,z,1.0,0.0,1.0
z520,none,relative,0.0,-3.0,3.0,z,1.0,0.0,1.0
z521,none,relative,0.0,-3.0,3.0,z,1.0,0.0,1.0
z522,none,relative,0.0,-3.0,3.0,z,1.0,0.0,1.0
z523,none,relative,0.0,-3.0,3.0,z,1.0,0.0,1.0
z524,none,relative,0.0,-3.0,3.0,z,1.0,0.0,1.0
z525,none,relative,0.0,-3.0,3.0,z,1.0,0.0,1.0
z526,none,relative,0.0,-3.0,3.0,z,1.0,0.0,1.0
z527,none,relative,0.0,-3.0,3.0,z,1.0,0.0,1.0
z528,none,relative,0.0,-3.0,3.0,z,1.0,0.0,1.0
z529,none,relative,0.0,-3.0,3.0,z,1.0,0.0,1.0
z530,none,relative,0.0,-3.0,3.0,z,1.0,0.0,1.0
z531,none,relative,0.0,-3.0,3.0,z,1.0,0.0,1.0
z532,none,relative,0.0,-3.0,3.0,z,1.0,0.0,1.0
z533,none,relative,0.0,-3.0,3.0,z,1.0,0.0,1.0
z534,none,relative,0.0,-3.0,3.0,z,1.0,0.0,1.0
z535,none,relative,0.0,-3.0,3.0,z,1.0,0.0,1.0
z536,none,relative,0.0,-3.0,3.0,z,1.0,0.0,1.0
z537,none,relative,0.0,-3.0,3.0,z,1.0,0.0,1.0
z538,none,relative,0.0,-3.0,3.0,z,1.0,0.0,1.0
z539,none,relative,0.0,-3.0,3.0,z,1.0,0.0,1.0
z540,none,relative,0.0,-3.0,3.0,z,1.0,0.0,1.0
z541,none,relative,0.0,-3.0,3.0,z,1.0,0.0,1.0
z542,none,relative,0.0,-3.0,3.0,z,1.0,0.0,1.0
z543,none,relative,0.0,-3.0,3.0,z,1.0,0.0,1.0
z544,none,relative,0.0,-3.0,3.0,z,1.0,0.0,1.0
z545,none,relative,0.0,-3.0,3.0,z,1.0,0.0,1.0
z546,none,relative,0.0,-3.0,3.0,z,1.0,0.0,1.0
z547,none,relative,0.0,-3.0,3.0,z,1.0,0.0,1.0
z548,none,relative,0.0,-3.0,3.0,z,1.0,0.0,1.0
z549,none,relative,0.0,-3.0,3.0,z,1.0,0.0,1.0
z550,none,relative,0.0,-3.0,3.0,z,1.0,0.0,1.0
z551,none,relative,0.0,-3.0,3.0,z,1.0,0.0,1.0
z552,none,relative,0.0,-3.0,3.0,z,1.0,0.0,1.0
z553,none,relative,0.0,-3.0,3.0,z,1.0,0.0,1.0
z554,none,relative,0.0,-3.0,3.0,z,1.0,0.0,1.0
z555,none,relative,0.0,-3.0,3.0,z,1.0,0.0,1.0
z556,none,relative,0.0,-3.0,3.0,z,1.0,0.0,1.0
z557,none,relative,0.0,-3.0,3.0,z,1.0,0.0,1.0
z558,none,relative,0.0,-3.0,3.0,z,1.0,0.0,1.0
z559,none,relative,0.0,-3.0,3.0,z,1.0,0.0,1.0
z560,none,relative,0.0,-3.0,3.0,z,1.0,0.0,1.0
z561,none,relative,0.0,-3.0,3.0,z,1.0,0.0,1.0
z562,none,relative,0.0,-3.0,3.0,z,1.0,0.0,1.0
z563,none,relative,0.0,-3.0,3.0,z,1.0,0.0,1.0
z564,none,relative,0.0,-3.0,3.0,z,1.0,0.0,1.0
z565,none,relative,0.0,-3.0,3.0,z,1.0,0.0,1.0
z566,none,relative,0.0,-3.0,3.0,z,1.0,0.0,1.0
z567,none,relative,0.0,-3.0,3.0,z,1.0,0.0,1.0
z568,none,relative,0.0,-3.0,3.0,z,1.0,0.0,1.0
z569,none,relative,0.0,-3.0,3.0,z,1.0,0.0,1.0
z570,none,relative,0.0,-3.0,3.0,z,1.0,0.0,1.0
z571,none,relative,0.0,-3.0,3.0,z,1.0,0.0,1.0
z572,none,relative,0.0,-3.0,3.0,z,1.0,0.0,1.0
z573,none,relative,0.0,-3.0,3.0,z,1.0,0.0,1.0
z574,none,relative,0.0,-3.0,3.0,z,1.0,0.0,1.0
z575,none,relative,0.0,-3.0,3.0,z,1.0,0.0,1.0
z576,none,relative,0.0,-3.0,3.0,z,1.0,0.0,1.0
z577,none,relative,0.0,-3.0,3.0,z,1.0,0.0,1.0
z578,none,relative,0.0,-3.0,3.0,z,1.0,0.0,1.0
z579,none,relative,0.0,-3.0,3.0,z,1.0,0.0,1.0
z580,none,relative,0.0,-3.0,3.0,z,1.0,0.0,1.0
z581,none,relative,0.0,-3.0,3.0,z,1.0,0.0,1.0
z582,none,relative,0.0,-3.0,3.0,z,1.0,0.0,1.0
z583,none,relative,0.0,-3.0,3.0,z,1.0,0.0,1.0
z584,none,relative,0.0,-3.0,3.0,z,1.0,0.0,1.0
z585,none,relative,0.0,-3.0,3.0,z,1.0,0.0,1.0
z586,none,relative,0.0,-3.0,3.0,z,1.0,0.0,1.0
z587,none,relative,0.0,-3.0,3.0,z,1.0,0.0,1.0
z588,none,relative,0.0,-3.0,3.0,z,1.0,0.0,1.0
z589,none,relative,0.0,-3.0,3.0,z,1.0,0.0,1.0
z590,none,relative,0.0,-3.0,3.0,z,1.0,0.0,1.0
z591,none,relative,0.0,-3.0,3.0,z,1.0,0.0,1.0
z592,none,relative,0.0,-3.0,3.0,z,1.0,0.0,1.0
z593,none,relative,0.0,-3.0,3.0,z,1.0,0.0,1.0
z594,none,relative,0.0,-3.0,3.0,z,1.0,0.0,1.0
z595,none,relative,0.0,-3.0,3.0,z,1.0,0.0,1.0
z596,none,relative,0.0,-3.0,3.0,z,1.0,0.0,1.0
z597,none,relative,0.0,-3.0,3.0,z,1.0,0.0,1.0
z598,none,relative,0.0,-3.0,3.0,z,1.0,0.0,1.0
z599,none,relative,0.0,-3.0,3.0,z,1.0,0.0,1.0
z600,none,relative,0.0,-3.0,3.0,z,1.0,0.0,1.0
z601,none,relative,0.0,-3.0,3.0,z,1.0,0.0,1.0
z602,none,relative,0.0,-3.0,3.0,z,1.0,0.0,1.0
z603,none,relative,0.0,-3.0,3.0,z,1.0,0.0,1.0
z604,none,relative,0.0,-3.0,3.0,z,1.0,0.0,1.0
z605,none,relative,0.0,-3.0,3.0,z,1.0,0.0,1.0
z606,none,relative,0.0,-3.0,3.0,z,1.0,0.0,1.0
z607,none,relative,0.0,-3.0,3.0,z,1.0,0.0,1.0
z608,none,relative,0.0,-3.0,3.0,z,1.0,0.0,1.0
z609,none,relative,0.0,-3.0,3.0,z,1.0,0.0,1.0
z610,none,relative,0.0,-3.0,3.0,z,1.0,0.0,1.0
z611,none,relative,0.0,-3.0,3.0,z,1.0,0.0,1.0
z612,none,relative,0.0,-3.0,3.0,z,1.0,0.0,1.0
z613,none,relative,0.0,-3.0,3.0,z,1.0,0.0,1.0
z614,none,relative,0.0,-3.0,3.0,z,1.0,0.0,1.0
z615,none,relative,0.0,-3.0,3.0,z,1.0,0.0,1.0
z616,none,relative,0.0,-3.0,3.0,z,1.0,0.0,1.0
z617,none,relative,0.0,-3.0,3.0,z,1.0,0.0,1.0
z618,none,relative,0.0,-3.0,3.0,z,1.0,0.0,1.0
z619,none,relative,0.0,-3.0,3.0,z,1.0,0.0,1.0
z620,none,relative,0.0,-3.0,3.0,z,1.0,0.0,1.0
z621,none,relative,0.0,-3.0,3.0,z,1.0,0.0,1.0
z622,none,relative,0.0,-3.0,3.0,z,1.0,0.0,1.0
z623,none,relative,0.0,-3.0,3.0,z,1.0,0.0,1.0
z624,none,relative,0.0,-3.0,3.0,z,1.0,0.0,1.0
z625,none,relative,0.0,-3.0,3.0,z,1.0,0.0,1.0
z626,none,relative,0.0,-3.0,3.0,z,1.0,0.0,1.0
z627,none,relative,0.0,-3.0,3.0,z,1.0,0.0,1.0
z628,none,relative,0.0,-3.0,3.0,z,1.0,0.0,1.0
z629,none,relative,0.0,-3.0,3.0,z,1.0,0.0,1.0
z630,none,relative,0.0,-3.0,3.0,z,1.0,0.0,1.0
z631,none,relative,0.0,-3.0,3.0,z,1.0,0.0,1.0
z632,none,relative,0.0,-3.0,3.0,z,1.0,0.0,1.0
z633,none,relative,0.0,-3.0,3.0,z,1.0,0.0,1.0
z634,none,relative,0.0,-3.0,3.0,z,1.0,0.0,1.0
z635,none,relative,0.0,-3.0,3.0,z,1.0,0.0,1.0
z636,none,relative,0.0,-3.0,3.0,z,1.0,0.0,1.0
z637,none,relative,0.0,-3.0,3.0,z,1.0,0.0,1.0
z638,none,relative,0.0,-3.0,3.0,z,1.0,0.0,1.0
z639,none,relative,0.0,-3.0,3.0,z,1.0,0.0,1.0
z640,none,relative,0.0,-3.0,3.0,z,1.0,0.0,1.0
z641,none,relative,0.0,-3.0,3.0,z,1.0,0.0,1.0
z642,none,relative,0.0,-3.0,3.0,z,1.0,0.0,1.0
z643,none,relative,0.0,-3.0,3.0,z,1.0,0.0,1.0
z644,none,relative,0.0,-3.0,3.0,z,1.0,0.0,1.0
z645,none,relative,0.0,-3.0,3.0,z,1.0,0.0,1.0
z646,none,relative,0.0,-3.0,3.0,z,1.0,0.0,1.0
z647,none,relative,0.0,-3.0,3.0,z,1.0,0.0,1.0
z648,none,relative,0.0,-3.0,3.0,z,1.0,0.0,1.0
z649,none,relative,0.0,-3.0,3.0,z,1.0,0.0,1.0
z650,none,relative,0.0,-3.0,3.0,z,1.0,0.0,1.0
z651,none,relative,0.0,-3.0,3.0,z,1.0,0.0,1.0
z652,none,relative,0.0,-3.0,3.0,z,1.0,0.0,1.0
z653,none,relative,0.0,-3.0,3.0,z,1.0,0.0,1.0
z654,none,relative,0.0,-3.0,3.0,z,1.0,0.0,1.0
z655,none,relative,0.0,-3.0,3.0,z,1.0,0.0,1.0
z656,none,relative,0.0,-3.0,3.0,z,1.0,0.0,1.0
z657,none,relative,0.0,-3.0,3.0,z,1.0,0.0,1.0
z658,none,relative,0.0,-3.0,3.0,z,1.0,0.0,1.0
z659,none,relative,0.0,-3.0,3.0,z,1.0,0.0,1.0
z660,none,relative,0.0,-3.0,3.0,z,1.0,0.0,1.0
z661,none,relative,0.0,-3.0,3.0,z,1.0,0.0,1.0
z662,none,relative,0.0,-3.0,3.0,z,1.0,0.0,1.0
z663,none,relative,0.0,-3.0,3.0,z,1.0,0.0,1.0
z664,none,relative,0.0,-3.0,3.0,z,1.0,0.0,1.0
z665,none,relative,0.0,-3.0,3.0,z,1.0,0.0,1.0
z666,none,relative,0.0,-3.0,3.0,z,1.0,0.0,1.0
z667,none,relative,0.0,-3.0,3.0,z,1.0,0.0,1.0
z668,none,relative,0.0,-3.0,3.0,z,1.0,0.0,1.0
z669,none,relative,0.0,-3.0,3.0,z,1.0,0.0,1.0
z670,none,relative,0.0,-3.0,3.0,z,1.0,0.0,1.0
z671,none,relative,0.0,-3.0,3.0,z,1.0,0.0,1.0
z672,none,relative,0.0,-3.0,3.0,z,1.0,0.0,1.0
z673,none,relative,0.0,-3.0,3.0,z,1.0,0.0,1.0
z674,none,relative,0.0,-3.0,3.0,z,1.0,0.0,1.0
z675,none,relative,0.0,-3.0,3.0,z,1.0,0.0,1.0
z676,none,relative,0.0,-3.0,3.0,z,1.0,0.0,1.0
z677,none,relative,0.0,-3.0,3.0,z,1.0,0.0,1.0
z678,none,relative,0.0,-3.0,3.0,z,1.0,0.0,1.0
z679,none,relative,0.0,-3.0,3.0,z,1.0,0.0,1.0
z680,none,relative,0.0,-3.0,3.0,z,1.0,0.0,1.0
z681,none,relative,0.0,-3.0,3.0,z,1.0,0.0,1.0
z682,none,relative,0.0,-3.0,3.0,z,1.0,0.0,1.0
z683,none,relative,0.0,-3.0,3.0,z,1.0,0.0,1.0
z684,none,relative,0.0,-3.0,3.0,z,1.0,0.0,1.0
z685,none,relative,0.0,-3.0,3.0,z,1.0,0.0,1.0
z686,none,relative,0.0,-3.0,3.0,z,1.0,0.0,1.0
z687,none,relative,0.0,-3.0,3.0,z,1.0,0.0,1.0
z688,none,relative,0.0,-3.0,3.0,z,1.0,0.0,1.0
z689,none,relative,0.0,-3.0,3.0,z,1.0,0.0,1.0
z690,none,relative,0.0,-3.0,3.0,z,1.0,0.0,1.0
z691,none,relative,0.0,-3.0,3.0,z,1.0,0.0,1.0
z692,none,relative,0.0,-3.0,3.0,z,1.0,0.0,1.0
z693,none,relative,0.0,-3.0,3.0,z,1.0,0.0,1.0
z694,none,relative,0.0,-3.0,3.0,z,1.0,0.0,1.0
z695,none,relative,0.0,-3.0,3.0,z,1.0,0.0,1.0
z696,none,relative,0.0,-3.0,3.0,z,1.0,0.0,1.0
z697,none,relative,0.0,-3.0,3.0,z,1.0,0.0,1.0
z698,none,relative,0.0,-3.0,3.0,z,1.0,0.0,1.0
z699,none,relative,0.0,-3.0,3.0,z,1.0,0.0,1.0
z700,none,relative,0.0,-3.0,3.0,z,1.0,0.0,1.0
z701,none,relative,0.0,-3.0,3.0,z,1.0,0.0,1.0
z702,none,relative,0.0,-3.0,3.0,z,1.0,0.0,1.0
z703,none,relative,0.0,-3.0,3.0,z,1.0,0.0,1.0
z704,none,relative,0.0,-3.0,3.0,z,1.0,0.0,1.0
z705,none,relative,0.0,-3.0,3.0,z,1.0,0.0,1.0
z706,none,relative,0.0,-3.0,3.0,z,1.0,0.0,1.0
z707,none,relative,0.0,-3.0,3.0,z,1.0,0.0,1.0
z708,none,relative,0.0,-3.0,3.0,z,1.0,0.0,1.0
z709,none,relative,0.0,-3.0,3.0,z,1.0,0.0,1.0
z710,none,relative,0.0,-3.0,3.0,z,1.0,0.0,1.0
z711,none,relative,0.0,-3.0,3.0,z,1.0,0.0,1.0
z712,none,relative,0.0,-3.0,3.0,z,1.0,0.0,1.0
z713,none,relative,0.0,-3.0,3.0,z,1.0,0.0,1.0
z714,none,relative,0.0,-3.0,3.0,z,1.0,0.0,1.0
z715,none,relative,0.0,-3.0,3.0,z,1.0,0.0,1.0
z716,none,relative,0.0,-3.0,3.0,z,1.0,0.0,1.0
z717,none,relative,0.0,-3.0,3.0,z,1.0,0.0,1.0
z718,none,relative,0.0,-3.0,3.0,z,1.0,0.0,1.0
z719,none,relative,0.0,-3.0,3.0,z,1.0,0.0,1.0
z720,none,relative,0.0,-3.0,3.0,z,1.0,0.0,1.0
z721,none,relative,0.0,-3.0,3.0,z,1.0,0.0,1.0
z722,none,relative,0.0,-3.0,3.0,z,1.0,0.0,1.0
z723,none,relative,0.0,-3.0,3.0,z,1.0,0.0,1.0
z724,none,relative,0.0,-3.0,3.0,z,1.0,0.0,1.0
z725,none,relative,0.0,-3.0,3.0,z,1.0,0.0,1.0
z726,none,relative,0.0,-3.0,3.0,z,1.0,0.0,1.0
z727,none,relative,0.0,-3.0,3.0,z,1.0,0.0,1.0
z728,none,relative,0.0,-3.0,3.0,z,1.0,0.0,1.0
z729,none,relative,0.0,-3.0,3.0,z,1.0,0.0,1.0
z730,none,relative,0.0,-3.0,3.0,z,1.0,0.0,1.0
z731,none,relative,0.0,-3.0,3.0,z,1.0,0.0,1.0
z732,none,relative,0.0,-3.0,3.0,z,1.0,0.0,1.0
z733,none,relative,0.0,-3.0,3.0,z,1.0,0.0,1.0
z734,none,relative,0.0,-3.0,3.0,z,1.0,0.0,1.0
z735,none,relative,0.0,-3.0,3.0,z,1.0,0.0,1.0
z736,none,relative,0.0,-3.0,3.0,z,1.0,0.0,1.0
z737,none,relative,0.0,-3.0,3.0,z,1.0,0.0,1.0
z738,none,relative,0.0,-3.0,3.0,z,1.0,0.0,1.0
z739,none,relative,0.0,-3.0,3.0,z,1.0,0.0,1.0
z740,none,relative,0.0,-3.0,3.0,z,1.0,0.0,1.0
z741,none,relative,0.0,-3.0,3.0,z,1.0,0.0,1.0
z742,none,relative,0.0,-3.0,3.0,z,1.0,0.0,1.0
z743,none,relative,0.0,-3.0,3.0,z,1.0,0.0,1.0
z744,none,relative,0.0,-3.0,3.0,z,1.0,0.0,1.0
z745,none,relative,0.0,-3.0,3.0,z,1.0,0.0,1.0
z746,none,relative,0.0,-3.0,3.0,z,1.0,0.0,1.0
z747,none,relative,0.0,-3.0,3.0,z,1.0,0.0,1.0
z748,none,relative,0.0,-3.0,3.0,z,1.0,0.0,1.0
z749,none,relative,0.0,-3.0,3.0,z,1.0,0.0,1.0
z750,none,relative,0.0,-3.0,3.0,z,1.0,0.0,1.0
z751,none,relative,0.0,-3.0,3.0,z,1.0,0.0,1.0
z752,none,relative,0.0,-3.0,3.0,z,1.0,0.0,1.0
z753,none,relative,0.0,-3.0,3.0,z,1.0,0.0,1.0
z754,none,relative,0.0,-3.0,3.0,z,1.0,0.0,1.0
z755,none,relative,0.0,-3.0,3.0,z,1.0,0.0,1.0
z756,none,relative,0.0,-3.0,3.0,z,1.0,0.0,1.0
z757,none,relative,0.0,-3.0,3.0,z,1.0,0.0,1.0
z758,none,relative,0.0,-3.0,3.0,z,1.0,0.0,1.0
z759,none,relative,0.0,-3.0,3.0,z,1.0,0.0,1.0
z760,none,relative,0.0,-3.0,3.0,z,1.0,0.0,1.0
z761,none,relative,0.0,-3.0,3.0,z,1.0,0.0,1.0
z762,none,relative,0.0,-3.0,3.0,z,1.0,0.0,1.0
z763,none,relative,0.0,-3.0,3.0,z,1.0,0.0,1.0
z764,none,relative,0.0,-3.0,3.0,z,1.0,0.0,1.0
z765,none,relative,0.0,-3.0,3.0,z,1.0,0.0,1.0
z766,none,relative,0.0,-3.0,3.0,z,1.0,0.0,1.0
z767,none,relative,0.0,-3.0,3.0,z,1.0,0.0,1.0
z768,none,relative,0.0,-3.0,3.0,z,1.0,0.0,1.0
z769,none,relative,0.0,-3.0,3.0,z,1.0,0.0,1.0
z770,none,relative,0.0,-3.0,3.0,z,1.0,0.0,1.0
z771,none,relative,0.0,-3.0,3.0,z,1.0,0.0,1.0
z772,none,relative,0.0,-3.0,3.0,z,1.0,0.0,1.0
z773,none,relative,0.0,-3.0,3.0,z,1.0,0.0,1.0
z774,none,relative,0.0,-3.0,3.0,z,1.0,0.0,1.0
z775,none,relative,0.0,-3.0,3.0,z,1.0,0.0,1.0
z776,none,relative,0.0,-3.0,3.0,z,1.0,0.0,1.0
z777,none,relative,0.0,-3.0,3.0,z,1.0,0.0,1.0
z778,none,relative,0.0,-3.0,3.0,z,1.0,0.0,1.0
z779,none,relative,0.0,-3.0,3.0,z,1.0,0.0,1.0
z780,none,relative,0.0,-3.0,3.0,z,1.0,0.0,1.0
z781,none,relative,0.0,-3.0,3.0,z,1.0,0.0,1.0
z782,none,relative,0.0,-3.0,3.0,z,1.0,0.0,1.0
z783,none,relative,0.0,-3.0,3.0,z,1.0,0.0,1.0
z784,none,relative,0.0,-3.0,3.0,z,1.0,0.0,1.0
z785,none,relative,0.0,-3.0,3.0,z,1.0,0.0,1.0
z786,none,relative,0.0,-3.0,3.0,z,1.0,0.0,1.0
z787,none,relative,0.0,-3.0,3.0,z,1.0,0.0,1.0
z788,none,relative,0.0,-3.0,3.0,z,1.0,0.0,1.0
z789,none,relative,0.0,-3.0,3.0,z,1.0,0.0,1.0
z790,none,relative,0.0,-3.0,3.0,z,1.0,0.0,1.0
z791,none,relative,0.0,-3.0,3.0,z,1.0,0.0,1.0
z792,none,relative,0.0,-3.0,3.0,z,1.0,0.0,1.0
z793,none,relative,0.0,-3.0,3.0,z,1.0,0.0,1.0
z794,none,relative,0.0,-3.0,3.0,z,1.0,0.0,1.0
z795,none,relative,0.0,-3.0,3.0,z,1.0,0.0,1.0
z796,none,relative,0.0,-3.0,3.0,z,1.0,0.0,1.0
z797,none,relative,0.0,-3.0,3.0,z,1.0,0.0,1.0
z798,none,relative,0.0,-3.0,3.0,z,1.0,0.0,1.0
z799,none,relative,0.0,-3.0,3.0,z,1.0,0.0,1.0
z800,none,relative,0.0,-3.0,3.0,z,1.0,0.0,1.0
z801,none,relative,0.0,-3.0,3.0,z,1.0,0.0,1.0
z802,none,relative,0.0,-3.0,3.0,z,1.0,0.0,1.0
z803,none,relative,0.0,-3.0,3.0,z,1.0,0.0,1.0
z804,none,relative,0.0,-3.0,3.0,z,1.0,0.0,1.0
z805,none,relative,0.0,-3.0,3.0,z,1.0,0.0,1.0
z806,none,relative,0.0,-3.0,3.0,z,1.0,0.0,1.0
z807,none,relative,0.0,-3.0,3.0,z,1.0,0.0,1.0
z808,none,relative,0.0,-3.0,3.0,z,1.0,0.0,1.0
z809,none,relative,0.0,-3.0,3.0,z,1.0,0.0,1.0
z810,none,relative,0.0,-3.0,3.0,z,1.0,0.0,1.0
z811,none,relative,0.0,-3.0,3.0,z,1.0,0.0,1.0
z812,none,relative,0.0,-3.0,3.0,z,1.0,0.0,1.0
z813,none,relative,0.0,-3.0,3.0,z,1.0,0.0,1.0
z814,none,relative,0.0,-3.0,3.0,z,1.0,0.0,1.0
z815,none,relative,0.0,-3.0,3.0,z,1.0,0.0,1.0
z816,none,relative,0.0,-3.0,3.0,z,1.0,0.0,1.0
z817,none,relative,0.0,-3.0,3.0,z,1.0,0.0,1.0
z818,none,relative,0.0,-3.0,3.0,z,1.0,0.0,1.0
z819,none,relative,0.0,-3.0,3.0,z,1.0,0.0,1.0
z820,none,relative,0.0,-3.0,3.0,z,1.0,0.0,1.0
z821,none,relative,0.0,-3.0,3.0,z,1.0,0.0,1.0
z822,none,relative,0.0,-3.0,3.0,z,1.0,0.0,1.0
z823,none,relative,0.0,-3.0,3.0,z,1.0,0.0,1.0
z824,none,relative,0.0,-3.0,3.0,z,1.0,0.0,1.0
z825,none,relative,0.0,-3.0,3.0,z,1.0,0.0,1.0
z826,none,relative,0.0,-3.0,3.0,z,1.0,0.0,1.0
z827,none,relative,0.0,-3.0,3.0,z,1.0,0.0,1.0
z828,none,relative,0.0,-3.0,3.0,z,1.0,0.0,1.0
z829,none,relative,0.0,-3.0,3.0,z,1.0,0.0,1.0
z830,none,relative,0.0,-3.0,3.0,z,1.0,0.0,1.0
z831,none,relative,0.0,-3.0,3.0,z,1.0,0.0,1.0
z832,none,relative,0.0,-3.0,3.0,z,1.0,0.0,1.0
z833,none,relative,0.0,-3.0,3.0,z,1.0,0.0,1.0
z834,none,relative,0.0,-3.0,3.0,z,1.0,0.0,1.0
z835,none,relative,0.0,-3.0,3.0,z,1.0,0.0,1.0
z836,none,relative,0.0,-3.0,3.0,z,1.0,0.0,1.0
z837,none,relative,0.0,-3.0,3.0,z,1.0,0.0,1.0
z838,none,relative,0.0,-3.0,3.0,z,1.0,0.0,1.0
z839,none,relative,0.0,-3.0,3.0,z,1.0,0.0,1.0
z840,none,relative,0.0,-3.0,3.0,z,1.0,0.0,1.0
z841,none,relative,0.0,-3.0,3.0,z,1.0,0.0,1.0
z842,none,relative,0.0,-3.0,3.0,z,1.0,0.0,1.0
z843,none,relative,0.0,-3.0,3.0,z,1.0,0.0,1.0
z844,none,relative,0.0,-3.0,3.0,z,1.0,0.0,1.0
z845,none,relative,0.0,-3.0,3.0,z,1.0,0.0,1.0
z846,none,relative,0.0,-3.0,3.0,z,1.0,0.0,1.0
z847,none,relative,0.0,-3.0,3.0,z,1.0,0.0,1.0
z848,none,relative,0.0,-3.0,3.0,z,1.0,0.0,1.0
z849,none,relative,0.0,-3.0,3.0,z,1.0,0.0,1.0
z850,none,relative,0.0,-3.0,3.0,z,1.0,0.0,1.0
z851,none,relative,0.0,-3.0,3.0,z,1.0,0.0,1.0
z852,none,relative,0.0,-3.0,3.0,z,1.0,0.0,1.0
z853,none,relative,0.0,-3.0,3.0,z,1.0,0.0,1.0
z854,none,relative,0.0,-3.0,3.0,z,1.0,0.0,1.0
z855,none,relative,0.0,-3.0,3.0,z,1.0,0.0,1.0
z856,none,relative,0.0,-3.0,3.0,z,1.0,0.0,1.0
z857,none,relative,0.0,-3.0,3.0,z,1.0,0.0,1.0
z858,none,relative,0.0,-3.0,3.0,z,1.0,0.0,1.0
z859,none,relative,0.0,-3.0,3.0,z,1.0,0.0,1.0
z860,none,relative,0.0,-3.0,3.0,z,1.0,0.0,1.0
z861,none,relative,0.0,-3.0,3.0,z,1.0,0.0,1.0
z862,none,relative,0.0,-3.0,3.0,z,1.0,0.0,1.0
z863,none,relative,0.0,-3.0,3.0,z,1.0,0.0,1.0
z864,none,relative,0.0,-3.0,3.0,z,1.0,0.0,1.0
z865,none,relative,0.0,-3.0,3.0,z,1.0,0.0,1.0
z866,none,relative,0.0,-3.0,3.0,z,1.0,0.0,1.0
z867,none,relative,0.0,-3.0,3.0,z,1.0,0.0,1.0
z868,none,relative,0.0,-3.0,3.0,z,1.0,0.0,1.0
z869,none,relative,0.0,-3.0,3.0,z,1.0,0.0,1.0
z870,none,relative,0.0,-3.0,3.0,z,1.0,0.0,1.0
z871,none,relative,0.0,-3.0,3.0,z,1.0,0.0,1.0
z872,none,relative,0.0,-3.0,3.0,z,1.0,0.0,1.0
z873,none,relative,0.0,-3.0,3.0,z,1.0,0.0,1.0
z874,none,relative,0.0,-3.0,3.0,z,1.0,0.0,1.0
z875,none,relative,0.0,-3.0,3.0,z,1.0,0.0,1.0
z876,none,relative,0.0,-3.0,3.0,z,1.0,0.0,1.0
z877,none,relative,0.0,-3.0,3.0,z,1.0,0.0,1.0
z878,none,relative,0.0,-3.0,3.0,z,1.0,0.0,1.0
z879,none,relative,0.0,-3.0,3.0,z,1.0,0.0,1.0
z880,none,relative,0.0,-3.0,3.0,z,1.0,0.0,1.0
z881,none,relative,0.0,-3.0,3.0,z,1.0,0.0,1.0
z882,none,relative,0.0,-3.0,3.0,z,1.0,0.0,1.0
z883,none,relative,0.0,-3.0,3.0,z,1.0,0.0,1.0
z884,none,relative,0.0,-3.0,3.0,z,1.0,0.0,1.0
z885,none,relative,0.0,-3.0,3.0,z,1.0,0.0,1.0
z886,none,relative,0.0,-3.0,3.0,z,1.0,0.0,1.0
z887,none,relative,0.0,-3.0,3.0,z,1.0,0.0,1.0
z888,none,relative,0.0,-3.0,3.0,z,1.0,0.0,1.0
z889,none,relative,0.0,-3.0,3.0,z,1.0,0.0,1.0
z890,none,relative,0.0,-3.0,3.0,z,1.0,0.0,1.0
z891,none,relative,0.0,-3.0,3.0,z,1.0,0.0,1.0
z892,none,relative,0.0,-3.0,3.0,z,1.0,0.0,1.0
z893,none,relative,0.0,-3.0,3.0,z,1.0,0.0,1.0
z894,none,relative,0.0,-3.0,3.0,z,1.0,0.0,1.0
z895,none,relative,0.0,-3.0,3.0,z,1.0,0.0,1.0
z896,none,relative,0.0,-3.0,3.0,z,1.0,0.0,1.0
z897,none,relative,0.0,-3.0,3.0,z,1.0,0.0,1.0
z898,none,relative,0.0,-3.0,3.0,z,1.0,0.0,1.0
z899,none,relative,0.0,-3.0,3.0,z,1.0,0.0,1.0
z900,none,relative,0.0,-3.0,3.0,z,1.0,0.0,1.0
z_aa1,none,relative,0.0,-3.0,3.0,z,1.0,0.0,1.0
z_aa2,none,relative,0.0,-3.0,3.0,z,1.0,0.0,1.0
z_aa3,none,relative,0.0,-3.0,3.0,z,1.0,0.0,1.0
z_aa4,none,relative,0.0,-3.0,3.0,z,1.0,0.0,1.0
z_aa5,none,relative,0.0,-3.0,3.0,z,1.0,0.0,1.0
z_aa6,none,relative,0.0,-3.0,3.0,z,1.0,0.0,1.0
z_aa7,none,relative,0.0,-3.0,3.0,z,1.0,0.0,1.0
z_aa8,none,relative,0.0,-3.0,3.0,z,1.0,0.0,1.0
z_aa9,none,relative,0.0,-3.0,3.0,z,1.0,0.0,1.0
z_aa10,none,relative,0.0,-3.0,3.0,z,1.0,0.0,1.0
z_aa11,none,relative,0.0,-3.0,3.0,z,1.0,0.0,1.0
z_aa12,none,relative,0.0,-3.0,3.0,z,1.0,0.0,1.0
z_aa13,none,relative,0.0,-3.0,3.0,z,1.0,0.0,1.0
z_aa14,none,relative,0.0,-3.0,3.0,z,1.0,0.0,1.0
z_aa15,none,relative,0.0,-3.0,3.0,z,1.0,0.0,1.0
z_aa16,none,relative,0.0,-3.0,3.0,z,1.0,0.0,1.0
z_aa17,none,relative,0.0,-3.0,3.0,z,1.0,0.0,1.0
z_aa18,none,relative,0.0,-3.0,3.0,z,1.0,0.0,1.0
z_aa19,none,relative,0.0,-3.0,3.0,z,1.0,0.0,1.0
z_aa20,none,relative,0.0,-3.0,3.0,z,1.0,0.0,1.0
z_aa21,none,relative,0.0,-3.0,3.0,z,1.0,0.0,1.0
z_aa22,none,relative,0.0,-3.0,3.0,z,1.0,0.0,1.0
z_aa23,none,relative,0.0,-3.0,3.0,z,1.0,0.0,1.0
z_aa24,none,relative,0.0,-3.0,3.0,z,1.0,0.0,1.0
z_aa25,none,relative,0.0,-3.0,3.0,z,1.0,0.0,1.0
z_aa26,none,relative,0.0,-3.0,3.0,z,1.0,0.0,1.0
z_aa27,none,relative,0.0,-3.0,3.0,z,1.0,0.0,1.0
z_aa28,none,relative,0.0,-3.0,3.0,z,1.0,0.0,1.0
z_aa29,none,relative,0.0,-3.0,3.0,z,1.0,0.0,1.0
z_aa30,none,relative,0.0,-3.0,3.0,z,1.0,0.0,1.0
z_aa31,none,relative,0.0,-3.0,3.0,z,1.0,0.0,1.0
z_aa32,none,relative,0.0,-3.0,3.0,z,1.0,0.0,1.0
z_aa33,none,relative,0.0,-3.0,3.0,z,1.0,0.0,1.0
z_aa34,none,relative,0.0,-3.0,3.0,z,1.0,0.0,1.0
z_aa35,none,relative,0.0,-3.0,3.0,z,1.0,0.0,1.0
z_aa36,none,relative,0.0,-3.0,3.0,z,1.0,0.0,1.0
z_aa37,none,relative,0.0,-3.0,3.0,z,1.0,0.0,1.0
z_aa38,none,relative,0.0,-3.0,3.0,z,1.0,0.0,1.0
z_aa39,none,relative,0.0,-3.0,3.0,z,1.0,0.0,1.0
z_aa40,none,relative,0.0,-3.0,3.0,z,1.0,0.0,1.0
z_aa41,none,relative,0.0,-3.0,3.0,z,1.0,0.0,1.0
z_aa42,none,relative,0.0,-3.0,3.0,z,1.0,0.0,1.0
z_aa43,none,relative,0.0,-3.0,3.0,z,1.0,0.0,1.0
z_aa44,none,relative,0.0,-3.0,3.0,z,1.0,0.0,1.0
z_aa45,none,relative,0.0,-3.0,3.0,z,1.0,0.0,1.0
z_aa46,none,relative,0.0,-3.0,3.0,z,1.0,0.0,1.0
z_aa47,none,relative,0.0,-3.0,3.0,z,1.0,0.0,1.0
z_aa48,none,relative,0.0,-3.0,3.0,z,1.0,0.0,1.0
z_aa49,none,relative,0.0,-3.0,3.0,z,1.0,0.0,1.0
z_aa50,none,relative,0.0,-3.0,3.0,z,1.0,0.0,1.0
z_aa51,none,relative,0.0,-3.0,3.0,z,1.0,0.0,1.0
z_aa52,none,relative,0.0,-3.0,3.0,z,1.0,0.0,1.0
z_aa53,none,relative,0.0,-3.0,3.0,z,1.0,0.0,1.0
z_aa54,none,relative,0.0,-3.0,3.0,z,1.0,0.0,1.0
z_aa55,none,relative,0.0,-3.0,3.0,z,1.0,0.0,1.0
z_aa56,none,relative,0.0,-3.0,3.0,z,1.0,0.0,1.0
z_aa57,none,relative,0.0,-3.0,3.0,z,1.0,0.0,1.0
z_aa58,none,relative,0.0,-3.0,3.0,z,1.0,0.0,1.0
z_aa59,none,relative,0.0,-3.0,3.0,z,1.0,0.0,1.0
z_aa60,none,relative,0.0,-3.0,3.0,z,1.0,0.0,1.0
z_aa61,none,relative,0.0,-3.0,3.0,z,1.0,0.0,1.0
z_aa62,none,relative,0.0,-3.0,3.0,z,1.0,0.0,1.0
z_aa63,none,relative,0.0,-3.0,3.0,z,1.0,0.0,1.0
z_aa64,none,relative,0.0,-3.0,3.0,z,1.0,0.0,1.0
z_aa65,none,relative,0.0,-3.0,3.0,z,1.0,0.0,1.0
z_aa66,none,relative,0.0,-3.0,3.0,z,1.0,0.0,1.0
z_aa67,none,relative,0.0,-3.0,3.0,z,1.0,0.0,1.0
z_aa68,none,relative,0.0,-3.0,3.0,z,1.0,0.0,1.0
z_aa69,none,relative,0.0,-3.0,3.0,z,1.0,0.0,1.0
z_aa70,none,relative,0.0,-3.0,3.0,z,1.0,0.0,1.0
z_aa71,none,relative,0.0,-3.0,3.0,z,1.0,0.0,1.0
z_aa72,none,relative,0.0,-3.0,3.0,z,1.0,0.0,1.0
z_aa73,none,relative,0.0,-3.0,3.0,z,1.0,0.0,1.0
z_aa74,none,relative,0.0,-3.0,3.0,z,1.0,0.0,1.0
z_aa75,none,relative,0.0,-3.0,3.0,z,1.0,0.0,1.0
z_aa76,none,relative,0.0,-3.0,3.0,z,1.0,0.0,1.0
z_aa77,none,relative,0.0,-3.0,3.0,z,1.0,0.0,1.0
z_aa78,none,relative,0.0,-3.0,3.0,z,1.0,0.0,1.0
z_aa79,none,relative,0.0,-3.0,3.0,z,1.0,0.0,1.0
z_aa80,none,relative,0.0,-3.0,3.0,z,1.0,0.0,1.0
z_aa81,none,relative,0.0,-3.0,3.0,z,1.0,0.0,1.0
z_aa82,none,relative,0.0,-3.0,3.0,z,1.0,0.0,1.0
z_aa83,none,relative,0.0,-3.0,3.0,z,1.0,0.0,1.0
z_aa84,none,relative,0.0,-3.0,3.0,z,1.0,0.0,1.0
z_aa85,none,relative,0.0,-3.0,3.0,z,1.0,0.0,1.0
z_aa86,none,relative,0.0,-3.0,3.0,z,1.0,0.0,1.0
z_aa87,none,relative,0.0,-3.0,3.0,z,1.0,0.0,1.0
z_aa88,none,relative,0.0,-3.0,3.0,z,1.0,0.0,1.0
z_aa89,none,relative,0.0,-3.0,3.0,z,1.0,0.0,1.0
z_aa90,none,relative,0.0,-3.0,3.0,z,1.0,0.0,1.0
z_aa91,none,relative,0.0,-3.0,3.0,z,1.0,0.0,1.0
z_aa92,none,relative,0.0,-3.0,3.0,z,1.0,0.0,1.0
z_aa93,none,relative,0.0,-3.0,3.0,z,1.0,0.0,1.0
z_aa94,none,relative,0.0,-3.0,3.0,z,1.0,0.0,1.0
z_aa95,none,relative,0.0,-3.0,3.0,z,1.0,0.0,1.0
z_aa96,none,relative,0.0,-3.0,3.0,z,1.0,0.0,1.0
z_aa97,none,relative,0.0,-3.0,3.0,z,1.0,0.0,1.0
z_aa98,none,relative,0.0,-3.0,3.0,z,1.0,0.0,1.0
z_aa99,none,relative,0.0,-3.0,3.0,z,1.0,0.0,1.0
z_aa100,none,relative,0.0,-3.0,3.0,z,1.0,0.0,1.0
